{"degree_range": [1, 7.0], "eign_range": [2.505407101193672e-47, 6.539417660629714e-12], "closeness_range": [0.004098360655737705, 0.03893442622950819], "volatility_range": [2.0, 2.0], "betwness_range": [0.0, 0.0]}