{"degree_range": [1, 7.0], "eign_range": [1.0119545555241064e-69, 0.0025475373156805454], "closeness_range": [0.0030581039755351682, 0.09361559723049537], "volatility_range": [2.0, 2.0], "betwness_range": [0.0, 0.0]}