{"degree_range": [1, 10.5], "eign_range": [8.882418535345986e-138, 0.002549640417825636], "closeness_range": [0.0020408163265306124, 0.12411698102786446], "volatility_range": [0, 3.5], "betwness_range": [0.0, 0.0]}