{"degree_range": [1, 10.5], "eign_range": [5.419852344857953e-75, 0.00659217583460109], "closeness_range": [0.002336448598130841, 0.2007150473562065], "volatility_range": [1.0, 1.0], "betwness_range": [0.0, 2.7358882882094156e-05]}