{"degree_range": [1, 4.5], "eign_range": [3.112602421833699e-30, 3.9451671553938624e-12], "closeness_range": [0.005847953216374269, 0.04093567251461988], "volatility_range": [1.0, 1.0], "betwness_range": [0.0, 0.0]}